PatientID,dftime_rad,dfcens
ANON03R4FB1LJ,3.263518138,1
ANON0T8FGB1B1,3.203285421,0
ANON163OEB1LK,4.777549624,0
ANON1LJCRC12N,3.214236824,0
ANON1LT4GB140,3.019849418,0
ANON1QJ88D1E5,4.147843943,0
ANON1TN4FB1VL,1.048596851,1
ANON1VM88D1UO,3.20054757,0
ANON3G6FRC1KM,4.27652293,0
ANON3LJNEB1EN,3.471594798,1
ANON42QCRC1HF,3.660506502,0
ANON4BI58D1BC,3.110198494,0
ANON4CEIEB1ED,0.703627652,1
ANON55H4GB1MA,3.75633128,0
ANON5DHCGB1VG,1.793292266,1
ANON6BC4GB1L1,4.232717317,0
ANON7D368D15K,3.392197125,0
ANON7JSHRC1U3,4.542094456,0
ANON7KG58D1K4,2.683093771,0
ANON7NI88D15A,2.614647502,0
ANON7VH88D17C,1.385352498,1
ANON81FCGB17J,3.564681725,0
ANON82VEGB12N,0.344969199,1
ANON8MI4GB1EP,4.156057495,0
ANON8P32FB1AH,3.663244353,0
ANONAN2FGB11S,3.419575633,0
ANONB51OEB156,4.755646817,0
ANONBQU58D16G,3.230663929,0
ANONBRE4GB1V3,4.158795346,0
ANONCGMIEB151,0.536618754,1
ANONDEJ58D16U,3.044490075,0
ANONDJK4GB1P1,3.556468172,0
ANONE69FRC1RB,3.351129363,0
ANONFACCGB1B4,3.586584531,0
ANONFG168D14H,3.279945243,0
ANONFQINEB11R,1.117043121,1
ANONGP05FB1SU,3.422313484,1
ANONHCFIEB1IL,4.76659822,0
ANONHD4GEB1A2,5.138945927,0
ANONHD8AGB124,3.668720055,0
ANONHS30FB1H1,4.24366872,0
ANONI257GB1O5,4.024640657,0
ANONI53NTC1E6,4.002737851,0
ANONIABFGB1IT,2.967830253,0
ANONILQ4FB17L,4.438056126,0
ANONIPUCGB1U6,3.370294319,0
ANONJ3IVEB1HC,4.684462697,0
ANONJ987GB1IM,0.52019165,1
ANONJGK58D1HH,3.241615332,0
ANONK497GB1JB,3.939767283,0
ANONKB7AGB1RQ,3.567419576,0
ANONKBP4GB176,3.75633128,0
ANONKDGVEB1S1,4.607802875,0
ANONKOEIEB12R,5.289527721,0
ANONKQ1FGB1TP,3.4770705,0
ANONKT37GB12E,3.655030801,0
ANONLA77GB1G4,3.619438741,0
ANONLENIEB1OL,4.783025325,0
ANONLMAFGB1TO,3.665982204,0
ANONM6OIEB1TJ,3.797399042,1
ANONMHT58D1QD,1.28678987,1
ANONMNQ9GB1O0,4.703627652,0
ANONMSD4GB1G3,4.191649555,0
ANONNOMCGB129,3.37303217,0
ANONNP4OEB19B,0.917180014,1
ANONO900FB116,0.501026694,1
ANONOUK88D1PC,3.1321013,0
ANONP567GB1D7,3.657768652,0
ANONP9N4FB11N,4.238193018,0
ANONPTPIEB1LA,5.338809035,0
ANONQ2S58D1G0,2.491444216,1
ANONQ5ECGB1J3,3.550992471,0
ANONQEBCGB1V1,3.852156057,0
ANONQHHVEB1T8,4.700889802,0
ANONR7S4FB14N,3.934291581,0
ANONREVKEB1KS,0.925393566,1
ANONRPNCGB1V9,3.54825462,0
ANONS337GB1JN,0.561259411,1
ANONS7QHRC1NH,4.5229295,0
ANONSBLNEB13L,0.45174538,1
ANONSSQIEB1A8,5.015742642,0
ANONSSV58D1G7,3.222450376,0
ANONTIRHRC1IA,4.542094456,0
ANONTLFLEB1GL,0.856947296,1
ANONU0H88D1HE,3.20054757,0
ANONUAHLEB1P3,1.399041752,1
ANONUKA7GB110,3.679671458,0
ANONV5UCGB13V,2.05338809,1
ANONVADCGB1RL,3.611225188,0
ANONVHSCGB1GH,3.682409309,0
ANONVPC7GB1R5,3.488021903,0
ANONVPP4FB1B4,4.06844627,0
TCGA-VS-A8EB,0.750171116,1
TCGA-VS-A8EC,2.770704997,0
TCGA-VS-A8EG,3.509924709,0
TCGA-VS-A8EH,2.015058179,0
TCGA-VS-A8EI,1.481177276,0
TCGA-VS-A8EL,5.347022587,0
TCGA-VS-A8Q9,4.169746749,0
TCGA-VS-A8QC,0.344969199,1
TCGA-VS-A8QF,4.657084189,0
TCGA-VS-A8QH,2.967830253,1
TCGA-VS-A94W,3.20054757,0
TCGA-VS-A94X,1.223819302,1
TCGA-VS-A94Y,0.150581793,1
TCGA-VS-A94Z,2.64476386,0
TCGA-VS-A950,3.227926078,1
TCGA-VS-A953,1.305954825,1
TCGA-VS-A954,4.427104723,0
TCGA-VS-A957,3.208761123,0
TCGA-VS-A958,3.983572895,0
TCGA-VS-A959,3.967145791,0
TCGA-VS-A9U5,4.10403833,0
TCGA-VS-A9U7,3.509924709,0
TCGA-VS-A9UA,2.045174538,0
TCGA-VS-A9UB,2.318959617,0
TCGA-VS-A9UC,0.999315537,1
TCGA-VS-A9UD,1.875427789,0
TCGA-VS-A9UH,2.792607803,0
TCGA-VS-A9UI,3.561943874,1
TCGA-VS-A9UJ,0.142368241,1
TCGA-VS-A9UL,0.703627652,1
TCGA-VS-A9UO,3.843942505,0
TCGA-VS-A9UP,0.717316906,1
TCGA-VS-A9UR,1.727583847,1
TCGA-VS-A9UU,1.100616016,0
TCGA-VS-A9UV,0.284736482,1
TCGA-VS-A9V0,0.93908282,1
TCGA-VS-A9V4,0.057494867,1
TCGA-VS-A9V5,1.092402464,1
TCGA-VS-AA62,1.207392197,1